epoch,train_loss,validation_loss
1,0.023510226427956863,0.004979636298403854
2,0.008544592744894573,0.005005828459702787
3,0.008509823910941539,0.004919115498307205
4,0.008324688610931238,0.004880922536055247
5,0.008282945345882026,0.004937063503478255
6,0.008063592635809752,0.004772324602873553
7,0.007718317962011919,0.0055384984062541096
8,0.0068037777405907905,0.003476826518419243
9,0.006487572878768981,0.003259003295430115
10,0.006403464136746024,0.0032118370179973895
11,0.006340846115305793,0.0036215829618629954
12,0.006320439713785084,0.0032395650410935992
13,0.006279053777661475,0.003517179794254757
14,0.006202757472644674,0.0033628554637765602
15,0.006261814963196361,0.003240447070094801
16,0.006287926493136518,0.003360548389277288
17,0.006238195778057333,0.0031624384379635253
18,0.006171124392071454,0.0032022951082104727
19,0.0061557148463833025,0.003231715987480822
